Website Name,URL,Specialization
LinkedIn,https://www.linkedin.com/jobs/,General
Indeed,https://www.indeed.com/,General
Glassdoor,https://www.glassdoor.com/Job/index.htm,General
Monster,https://www.monster.com/,General
ZipRecruiter,https://www.ziprecruiter.com/,General
CareerBuilder,https://www.careerbuilder.com/,General
Dice,https://www.dice.com/,Tech and Data Science
Kaggle,https://www.kaggle.com/jobs,Tech and Data Science
Built In,https://builtin.com/jobs,Tech and Data Science
AngelList,https://angel.co/jobs,Startups
DataJobs,https://datajobs.com/,Data-related
AI-Jobs,https://ai-jobs.net/,AI and Data Science
HigherEdJobs,https://www.higheredjobs.com/,Academic and Research
ChronicleVitae,https://chroniclevitae.com/job_search/new,Academic and Research
